_id,link,name,date,liked,review,isDead
66612c617ec0f3f0566533ff,https://readmanganato.com/manga-lh989042/chapter-55,990_k_ex-life_hunter,2024-06-05T22:00:00.000Z,false,0,false
66612c617ec0f3f0566534cd,https://chapmanganato.to/manga-xq1000625/chapter-38,A_banished_odd_jobber_starts_a_new_life,2024-06-05T22:00:00.000Z,false,0,false
66612c617ec0f3f0566534ce,https://mangakakalot.com/chapter/ga928900/chapter_25,A_hero_trained_by_the_most_evil_demon_king_is_unrivaled_in_the_academy_of_returnees_from_another_world,2024-06-05T22:00:00.000Z,false,0,false
66612c617ec0f3f056653400,https://chapmanganato.com/manga-pe993239/chapter-37,A_modern_man_who_got_transmigrated_into_the_murim_world,2024-06-05T22:00:00.000Z,false,0,false
66612c617ec0f3f056653532,https://chapmanganato.com/manga-ci980191/chapter-212,A_returner_s_magic_should_be_special,2024-06-05T22:00:00.000Z,false,0,false
66612c617ec0f3f056653401,https://asuratoon.com/1908287720-absolute-sword-sense-chapter-79/,Absolute_sword_sense,2024-06-05T22:00:00.000Z,false,0,false
66612c617ec0f3f0566534c9,https://www.asurascans.com/academys-undercover-professor-chapter-14/,Academys_undercover_professor,2024-06-05T22:00:00.000Z,false,0,false
66612c617ec0f3f056653402,https://chapmanganato.com/manga-fy983207/chapter-49,After_being_reborn_i_became_the_strongest_to_save_everyone,2024-06-05T22:00:00.000Z,false,0,false
66612c617ec0f3f056653533,https://manhuas.net/manhua/against-the-gods-manhua/against-the-gods-chapter-340/,Against_the_gods,2024-06-05T22:00:00.000Z,false,0,false
66612c617ec0f3f056653403,https://readmanganato.com/manga-ns990975/chapter-114,Against_the_heavenly_lords,2024-06-05T22:00:00.000Z,false,0,false
66612c617ec0f3f056653404,https://readmanganato.com/manga-mt989928/chapter-39,All_rounder,2024-06-05T22:00:00.000Z,false,0,false
66612c617ec0f3f05665355c,https://mangakakalot.com/chapter/almadianos_eiyuuden/chapter_17,Almadianos_eiyuuden,2024-06-05T22:00:00.000Z,false,0,false
66612c617ec0f3f056653405,https://readmanganato.com/manga-fy983181/chapter-52,Another_world_munchkin_conquering_the_dungeon_as_the_strongest_and_the_fastest_with_only_1_hp,2024-06-05T22:00:00.000Z,false,0,false
66612c617ec0f3f056653406,https://readmanganato.com/manga-mz989582/chapter-79,Apocalyptic_thief,2024-06-05T22:00:00.000Z,false,0,false
66612c617ec0f3f056653534,https://www.mangaread.org/manga/apotheosis/chapter-808/,Apotheosis,2024-06-05T22:00:00.000Z,false,0,false
66612c617ec0f3f056653535,https://chapmanganato.to/manga-kw988105/chapter-135,Arcane_sniper,2024-06-05T22:00:00.000Z,false,0,false
66612c617ec0f3f056653407,https://www.webtoon.xyz/read/archmage-streamer/chapter-96/,Archmage_streamer,2024-06-05T22:00:00.000Z,false,0,false
66612c617ec0f3f056653408,https://www.asurascans.com/archmage-transcending-through-regression-chapter-45/,Archmage_transcending_through-regression,2024-06-05T22:00:00.000Z,false,0,false
66612c617ec0f3f056653409,https://chapmanganato.com/manga-qt993554/chapter-113,Astral_pet_store,2024-06-05T22:00:00.000Z,false,0,false
66612c617ec0f3f0566533f0,https://chapmanganato.com/manga-zp951872/chapter-434,Babystep,2024-06-05T22:00:00.000Z,false,0,false
66612c617ec0f3f0566534cf,https://chapmanganato.to/manga-oz992008/chapter-25,Backwater_old_man_becomes_a_swordmaster,2024-06-05T22:00:00.000Z,false,0,false
66612c617ec0f3f05665340a,https://www.asurascans.com/4675140488-barbarian-quest-chapter-63-notice/,Barbarian_quest,2024-06-05T22:00:00.000Z,false,0,false
66612c617ec0f3f056653530,https://www.scan-fr.cc/manga/black-clover/302/12,BlackClover,2024-06-05T22:00:00.000Z,false,0,false
66612c617ec0f3f05665355d,https://mangakakalot.com/chapter/blade_note/chapter_24,Blade_note,2024-06-05T22:00:00.000Z,false,0,false
66612c617ec0f3f05665340b,https://readmanganato.com/manga-ew981679/chapter-155,Blue_lock,2024-06-05T22:00:00.000Z,false,0,false
66612c617ec0f3f05665340c,https://asuratoon.com/1908287720-boundless-necromancer-chapter-87/,Boundless_necromancer,2024-06-05T22:00:00.000Z,false,0,false
66612c617ec0f3f05665340d,https://readmanganato.com/manga-mk989619/chapter-21,Brave_hero,2024-06-05T22:00:00.000Z,false,0,false
66612c617ec0f3f056653536,https://chapmanganato.com/manga-hm985121/chapter-120,Bug_player,2024-06-05T22:00:00.000Z,false,0,false
66612c617ec0f3f05665340e,https://readmanganato.com/manga-bq979251/chapter-34,Buta_koushaku_ni_tensei_shitakara_kondo_wa_kimi_ni_suki_to_iitai,2024-06-05T22:00:00.000Z,false,0,false
66612c617ec0f3f0566534d0,https://chapmanganato.to/manga-oe992013/chapter-21,Can_even_a_mob_highschooler_like_me_be_a_normie_if_i_become_an_adventurer,2024-06-05T22:00:00.000Z,false,0,false
66612c617ec0f3f0566534ca,https://www.asurascans.com/carnivorous-hunter-chapter-26/,Carnivorous_hunter,2024-06-05T22:00:00.000Z,false,0,false
66612c617ec0f3f05665340f,https://readmanganato.com/manga-he984913/chapter-53,Carrying_the_goddess_along,2024-06-05T22:00:00.000Z,false,0,false
66612c617ec0f3f056653410,https://chapmanganato.com/manga-rg994941/chapter-12,Celestial_master,2024-06-05T22:00:00.000Z,false,0,false
66612c617ec0f3f056653411,https://asura.gg/champions-path-to-murim-chapter-26/,Champions-path_to_murim,2024-06-05T22:00:00.000Z,false,0,false
66612c617ec0f3f0566534d2,https://chapmanganato.com/manga-uy998233/chapter-24,Cheat_na_tablet_wo_motte_kaiteki_isekai_seikatsu,2024-06-05T22:00:00.000Z,false,0,false
66612c617ec0f3f056653412,https://chapmanganato.to/manga-di980917/chapter-51,Chillin_different_world_life,2024-06-05T22:00:00.000Z,false,0,false
66612c617ec0f3f056653413,https://asuratoon.com/1908287720-chronicles-of-the-demon-faction-chapter-71/,Chronicles_of_the_demon_faction,2024-06-05T22:00:00.000Z,false,0,false
66612c617ec0f3f056653414,https://asuratoon.com/7117659858-chronicles-of-the-martial-gods-return-chapter-79/,Chronicles_of_the_martial_gods_return,2024-06-05T22:00:00.000Z,false,0,false
66612c617ec0f3f056653415,https://mangakakalot.com/chapter/class_ga_isekai_shoukan_sareta_naka_ore_dake_nokotta_n_desu_ga/chapter_30,Class_ga_isekai_shoukan_sareta_naka_ore_dake_nokotta_n_desu_ga,2024-06-05T22:00:00.000Z,false,0,false
66612c617ec0f3f0566534d1,https://chapmanganato.to/manga-nv991156/chapter-19.2,Class_saiyasune_de_urareta_ore_wa__jitsu_wa_saikyou_parameter,2024-06-05T22:00:00.000Z,false,0,false
66612c617ec0f3f056653416,https://readmanganato.com/manga-ld988838/chapter-103,Cultivating_the_supreme_dantian,2024-06-05T22:00:00.000Z,false,0,false
66612c617ec0f3f056653537,https://manhuagold.top/manga/cultivator-against-hero-society/chapter-307,Cultivator_against_hero_society,2024-06-05T22:00:00.000Z,false,0,false
66612c617ec0f3f056653417,https://www.webtoon.xyz/read/deadbeat-hero/chapter-25/,Deadbeat_hero,2024-06-05T22:00:00.000Z,false,0,false
66612c617ec0f3f056653418,https://chapmanganato.com/manga-gg983789/chapter-34,Dear_sir_i_married_a_killer,2024-06-05T22:00:00.000Z,false,0,false
66612c617ec0f3f0566533f1,https://chapmanganato.com/manga-sh953216/chapter-94,Death_Match,2024-06-05T22:00:00.000Z,false,0,false
66612c617ec0f3f0566534cb,https://www.asurascans.com/demon-in-mount-hua-chapter-20/,Demon_in_mount_hua,2024-06-05T22:00:00.000Z,false,0,false
66612c617ec0f3f056653419,https://www.asurascans.com/demon-lords-martial-arts-ascension-chapter-34/,Demon_lords_martial_arts_ascension,2024-06-05T22:00:00.000Z,false,0,false
66612c617ec0f3f05665341a,https://www.asurascans.com/demonic-evolution-chapter-17/,Demonic_evolution,2024-06-05T22:00:00.000Z,false,0,false
66612c617ec0f3f05665341b,https://reaperscans.com/comics/2834-demons-crest/chapters/49452391-chapter-15,Demons_crest,2024-06-05T22:00:00.000Z,false,0,false
66612c617ec0f3f05665341c,https://chapmanganato.com/manga-qq993751/chapter-37,Demoted_to_a_teacher_the_strongest_sage_raises_an_unbeatable_class_,2024-06-05T22:00:00.000Z,false,0,false
66612c617ec0f3f05665341d,https://chapmanganato.com/manga-ri994743/chapter-7,Dominating_the_world_by_stopping_time,2024-06-05T22:00:00.000Z,false,0,false
66612c617ec0f3f05665341e,https://asuratoon.com/4371207539-dr-player-chapter-65/,Dr_Player,2024-06-05T22:00:00.000Z,false,0,false
66612c617ec0f3f056653531,https://lelscans.net/scan-dr-stone/181/20#main_hot,Dr_Stone,2024-06-05T22:00:00.000Z,false,0,false
66612c617ec0f3f056653538,https://readmanganato.com/manga-lr989074/chapter-57,Dr_choi_tae_soo,2024-06-05T22:00:00.000Z,false,0,false
66612c617ec0f3f0566534d3,https://asura.nacm.xyz/dragon-devouring-mage-22/,Dragon_devouring_mage,2024-06-05T22:00:00.000Z,false,0,false
66612c617ec0f3f0566534d4,https://topmanhua.com/manhua/dragon-master-of-the-olden-days/chapter-100/,Dragon_master_of_the_olden_days,2024-06-05T22:00:00.000Z,false,0,false
66612c617ec0f3f056653539,https://novelmic.com/comic/dragon-tamer-comics/chapter-127/,Dragon_tamer,2024-06-05T22:00:00.000Z,false,0,false
66612c617ec0f3f0566534d5,https://mangaeffect.com/manga/drawing-the-greatest-mangaka-becomes-a-skilled-martial-artist-in-another-world/chapter-96/,Drawing_the_greatest_mangaka_becomes_a_skilled_martial_artist_in_another_world,2024-06-05T22:00:00.000Z,false,0,false
66612c617ec0f3f05665341f,https://www.asurascans.com/drug-devourer-chapter-26/,Drug_devourer,2024-06-05T22:00:00.000Z,false,0,false
66612c617ec0f3f056653420,https://asura.nacm.xyz/drug-eating-genius-mage-chapter-45/,Drug_eating_genius_mage,2024-06-05T22:00:00.000Z,false,0,false
66612c617ec0f3f0566534d6,https://asuratoon.com/1908287720-dungeon-defense-chapter-30/,Dungeon_defense,2024-06-05T22:00:00.000Z,false,0,false
66612c617ec0f3f056653421,https://asuratoon.com/9643503911-dungeon-odyssey-chapter-72/,Dungeon_odyssey,2024-06-05T22:00:00.000Z,false,0,false
66612c617ec0f3f05665353a,https://chapmanganato.com/manga-hn984796/chapter-179,Dungeon_reset,2024-06-05T22:00:00.000Z,false,0,false
66612c617ec0f3f056653422,https://chapmanganato.to/manga-nj990966/chapter-36,Dungeon_tou_de_yadoya_wo_yarou,2024-06-05T22:00:00.000Z,false,0,false
66612c617ec0f3f056653423,https://readmanganato.com/manga-lc988711/chapter-83,Dungeons_and_artifacts,2024-06-05T22:00:00.000Z,false,0,false
66612c617ec0f3f05665355e,https://mangakakalot.com/chapter/dusk_howler/chapter_91,Dusk_howler,2024-06-05T22:00:00.000Z,false,0,false
66612c617ec0f3f05665355f,https://mangakakalot.com/chapter/eiyuu_kyoushitsu/chapter_14.2,Eiyuu_kyoushitsu,2024-06-05T22:00:00.000Z,false,0,false
66612c617ec0f3f056653424,https://readmanganato.com/manga-nx990606/chapter-40,Estio,2024-06-05T22:00:00.000Z,false,0,false
66612c617ec0f3f0566533ee,https://mangakakalot.com/chapter/everlasting_god_of_sword/chapter_117,Everlasting_god_of_sword,2024-06-05T22:00:00.000Z,false,0,false
66612c617ec0f3f056653425,https://asura.nacm.xyz/everyone-else-is-a-returnee-chapter-46-s1-end/,Everyone_else_is_a_returnee,2024-06-05T22:00:00.000Z,false,0,false
66612c617ec0f3f0566534d7,https://topmanhua.com/manhua/evil-dragon-is-reincarnated-revenge-begins-at-the-age-of-five/chapter-96/,Evil_dragon_is_reincarnated_revenge_begins_at_the_age_of_five,2024-06-05T22:00:00.000Z,false,0,false
66612c617ec0f3f056653560,https://mangakakalot.com/chapter/jaryuu_tensei/chapter_33,Evil_dragon_reincarnation,2024-06-05T22:00:00.000Z,false,0,false
66612c617ec0f3f056653426,https://chapmanganato.com/manga-of992114/chapter-111,Evolution_begins_with_a_big_tree,2024-06-05T22:00:00.000Z,false,0,false
66612c617ec0f3f056653427,https://www.asurascans.com/existence-chapter-9/,Existence,2024-06-05T22:00:00.000Z,false,0,false
66612c617ec0f3f056653428,https://readmanganato.com/manga-jk987345/chapter-117,From_the_grave_and_back,2024-06-05T22:00:00.000Z,false,0,false
66612c617ec0f3f0566534d8,https://mangakakalot.com/chapter/hp930217/chapter_29.1,Fun_territory_defense_by_the_optimistic_lord,2024-06-05T22:00:00.000Z,false,0,false
66612c617ec0f3f056653429,https://readmanganato.com/manga-ca979409/chapter-34,Game_obu_familia_family_senki,2024-06-05T22:00:00.000Z,false,0,false
66612c617ec0f3f05665342a,https://flamescans.org/twinkletwinkle/1670324462-gaming-stream-of-the-genius-chapter-22/,Gaming_stream_of_the_genius,2024-06-05T22:00:00.000Z,false,0,false
66612c617ec0f3f0566534d9,https://asuratoon.com/genius-martial-arts-trainer-chapter-10/,Genius_martial_arts_trainer,2024-06-05T22:00:00.000Z,false,0,false
66612c617ec0f3f05665342b,https://asuratoon.com/1908287720-genius-of-the-unique-lineage-chapter-70/,Genius_of_the_unique_lineage,2024-06-05T22:00:00.000Z,false,0,false
66612c617ec0f3f0566534db,https://mangabuddy.com/genkai-koe-no-tenpu-wa-tensei-sha-ni-shika-atsukaenai-overlimit-skill-holders/chapter-33,Genkai_koe_no_tenpu_wa_tensei_sha_ni_shika_atsukaenai_overlimit_skill_holder,2024-06-05T22:00:00.000Z,false,0,false
66612c617ec0f3f0566534da,https://chapmanganato.com/manga-iy985407/chapter-30.1,Genkai_level_1_kara_no_nariagari_saijaku_level_no_ore_ga_isekai_saikyou_ni_naru_made,2024-06-05T22:00:00.000Z,false,0,false
66612c617ec0f3f05665342c,https://manhuaus.com/manga/godly-pet-has-opened-up-for-me-again/chapter-47/,Godly_pet_has_opened_up_for_me_again,2024-06-05T22:00:00.000Z,false,0,false
66612c617ec0f3f0566534dc,https://asuratoon.com/0873280421-golden-mage-chapter-34/,Golden_mage,2024-06-05T22:00:00.000Z,false,0,false
66612c617ec0f3f0566534dd,https://mangabuddy.com/golden-print/chapter-47,Golden_print,2024-06-05T22:00:00.000Z,false,0,false
66612c617ec0f3f05665342d,https://chapmanganato.com/manga-mw990305/chapter-15,Growing_tired_of_the_lazy_high_elf_life_after_120_years,2024-06-05T22:00:00.000Z,false,0,false
66612c617ec0f3f056653561,https://chapmanganato.com/manga-ui971665/chapter-172,Hajimete_no_gal,2024-06-05T22:00:00.000Z,false,0,false
66612c617ec0f3f0566533f2,https://chapmanganato.com/manga-ls951475/chapter-1417,Hajimete_no_ippo,2024-06-05T22:00:00.000Z,false,0,false
66612c617ec0f3f05665342e,https://reaperscans.com/comics/3913-hard-carry-support/chapters/94014970-chapter-24,Hard_carry_support,2024-06-05T22:00:00.000Z,false,0,false
66612c617ec0f3f0566533dc,http://m.scan-manga.com/lecture-en-ligne/Hataraku-Maou-sama-Chapitre-11-FR_19041-570243.html,Hataraku_maou_sama,2024-06-05T22:00:00.000Z,false,0,false
66612c617ec0f3f05665342f,https://lhtranslation.net/manga/hazure-waku-no-joutai-ijou-skill-de-saikyou-ni-natta-ore-ga-subete-wo-juurin-suru-made/chapter-32/,Hazure_waku_no_joutai_ijou_skill_de_saikyou_ni_natta_ore_ga_subete_wo_juurin_suru_made,2024-06-05T22:00:00.000Z,false,0,false
66612c617ec0f3f0566534de,https://chapmanganato.to/manga-yp1002172/chapter-14,Healing_life_through_camping_in_another_world,2024-06-05T22:00:00.000Z,false,0,false
66612c617ec0f3f056653529,https://mangakakalot.com/chapter/da919276/chapter_16,Heart_warming_meals_with_mother_fenrir,2024-06-05T22:00:00.000Z,false,0,false
66612c617ec0f3f056653430,https://www.asurascans.com/heavenly-demon-instructor-chapter-54/,Heavenly_demon_instructor,2024-06-05T22:00:00.000Z,false,0,false
66612c617ec0f3f056653431,https://www.asurascans.com/heavenly-inquisition-sword-chapter-38/,Heavenly_inquisition_sword,2024-06-05T22:00:00.000Z,false,0,false
66612c617ec0f3f056653432,https://www.asurascans.com/heavenly-swords-grand-saga-chapter-29/,Heavenly_swords_grand_saga,2024-06-05T22:00:00.000Z,false,0,false
66612c617ec0f3f056653433,https://www.mangaread.org/manga/heir-of-mythical-heroes/chapter-22/,Heir_of_mythical_heroes,2024-06-05T22:00:00.000Z,false,0,false
66612c617ec0f3f056653434,https://chapmanganato.com/manga-jn987096/chapter-46,Hell_mode,2024-06-05T22:00:00.000Z,false,0,false
66612c617ec0f3f056653435,https://www.asurascans.com/helmut-the-forsaken-child-chapter-40-s1-end/,Helmut_the_forsaken_child,2024-06-05T22:00:00.000Z,false,0,false
66612c617ec0f3f056653436,https://chapmanganato.com/manga-jz986534/chapter-22,"Henkyou_gurashi_no_maou,_tensei_shite_saikyiu_no_majutsushi_ni_naru",2024-06-05T22:00:00.000Z,false,0,false
66612c617ec0f3f056653562,https://mangakakalot.com/chapter/hisshou_dungeon_unei_houhou/chapter_22,Hisshou_dungeon_unei_houhou,2024-06-05T22:00:00.000Z,false,0,false
66612c617ec0f3f056653437,https://www.asurascans.com/hoarding-in-hell-chapter-40-s1-end/,Hoarding_in_hell,2024-06-05T22:00:00.000Z,false,0,false
66612c617ec0f3f0566534df,https://www.mangaread.org/manga/holy-emperors-grandson-is-a-necromancer/chapter-32/,Holy_emperors_grandson_is_a_necromancer,2024-06-05T22:00:00.000Z,false,0,false
66612c617ec0f3f056653438,https://readmanganato.com/manga-lk989345/chapter-23,How_to_be_a_dark_hero_s_daughter,2024-06-05T22:00:00.000Z,false,0,false
66612c617ec0f3f056653439,https://readmanganato.com/manga-ip985924/chapter-64,How_to_fight,2024-06-05T22:00:00.000Z,false,0,false
66612c617ec0f3f05665343a,https://readmanganato.com/manga-bj979218/chapter-40,I_am_behemoth_of_the_s_rank_monster_but_i_am_mistaken_as_a_cat_and_i_live_as_a_pet_of_elf_girl,2024-06-05T22:00:00.000Z,false,0,false
66612c617ec0f3f0566534e0,https://chapmanganato.to/manga-ui997617/chapter-21,I_am_really_not_the_demon_lord,2024-06-05T22:00:00.000Z,false,0,false
66612c617ec0f3f05665353b,https://readmanganato.com/manga-ej981992/chapter-143,I_am_the_sorcerer_king,2024-06-05T22:00:00.000Z,false,0,false
66612c617ec0f3f0566534e1,https://chapmanganato.to/manga-wo999697/chapter-47,I_am_with_music_immortals,2024-06-05T22:00:00.000Z,false,0,false
66612c617ec0f3f0566534e2,https://www.beinmanga.com/manga/i-became-a-childhood-friend-of-a-mid-level-boss/chapter-24/,I_became_a_childhood_friend_of_a_mid_level_boss,2024-06-05T22:00:00.000Z,false,0,false
66612c617ec0f3f05665343b,https://chapmanganato.to/manga-qa994057/chapter-40,I_became_a_part_time_employee_for_gods,2024-06-05T22:00:00.000Z,false,0,false
66612c617ec0f3f05665343c,https://www.asurascans.com/i-became-a-renowned-familys-sword-prodigy-chapter-47/,I_became_a_renowned_family_sword_prodigy,2024-06-05T22:00:00.000Z,false,0,false
66612c617ec0f3f056653563,https://mangakakalot.com/chapter/jl919535/chapter_3,I_began_a_new_game,2024-06-05T22:00:00.000Z,false,0,false
66612c617ec0f3f0566534e3,https://chapmanganato.com/manga-pv993278/chapter-79,I_can_change_the_timeline_of_everything,2024-06-05T22:00:00.000Z,false,0,false
66612c617ec0f3f05665343d,https://www.manga-raw.club/reader/en/i-can-copy-talents-chapter-23-eng-li/,I_can_copy_talents,2024-06-05T22:00:00.000Z,false,0,false
66612c617ec0f3f05665343e,https://readmanganato.com/manga-gy983607/chapter-19,"I_don_t_really_get_it,_but_it_looks_like_i_was_reincarnated_in_an_another_world",2024-06-05T22:00:00.000Z,false,0,false
66612c617ec0f3f0566534e5,https://mangakakalot.com/chapter/mt931513/chapter_22,I_got_sent_to_another_world_but_it_s_in_the_mountains_in_reaction_i_choose_comfort_over_strength,2024-06-05T22:00:00.000Z,false,0,false
66612c617ec0f3f05665343f,https://chapmanganato.to/manga-qi994243/chapter-20,I_have_been_kicked_out_of_an_s_rank_guild,2024-06-05T22:00:00.000Z,false,0,false
66612c617ec0f3f056653440,https://manhuaplus.com/manga/i-have-countless-legendary-swords/chapter-63/,I_have_countless_legendary_swords,2024-06-05T22:00:00.000Z,false,0,false
66612c617ec0f3f0566534e4,https://chapmanganato.to/manga-vo998771,I_just_want_to_live_a_simple_life,2024-06-05T22:00:00.000Z,false,0,false
66612c617ec0f3f056653441,https://chapmanganato.com/manga-ps993253/chapter-21,I_m_the_only_one_with_a_failure_of_a_skill_in_another_world_s_summoning_rebellion,2024-06-05T22:00:00.000Z,false,0,false
66612c617ec0f3f056653442,https://www.asurascans.com/i-regressed-as-the-duke-chapter-29/,I_regressed_as_the_duke,2024-06-05T22:00:00.000Z,false,0,false
66612c617ec0f3f056653443,https://asura.nacm.xyz/i-returned-as-an-fff-class-witch-doctor-chapter-39/,I_returned_as_an_fff_class_witch_doctor,2024-06-05T22:00:00.000Z,false,0,false
66612c617ec0f3f056653444,https://flamescans.org/twinkletwinkle/i-used-to-be-a-boss-chapter-8/,I_used_to_be_a_boss,2024-06-05T22:00:00.000Z,false,0,false
66612c617ec0f3f056653445,https://chapmanganato.to/manga-go983471/chapter-51,"I_was_caught_up_in_a_hero_summoning,_but_that_world_is_at_peace",2024-06-05T22:00:00.000Z,false,0,false
66612c617ec0f3f05665353c,https://www.mangaread.org/manga/i-was-reincarnated-as-the-7th-prince-so-i-will-perfect-my-magic-as-i-please/chapter-95/,I_was_reincarnated_as_the_7th_prince_so_i_will_perfect_my_magic_as_i_please,2024-06-05T22:00:00.000Z,false,0,false
66612c617ec0f3f056653446,https://mangakakalot.com/chapter/rk925205/chapter_9,"I_was_the_weakest_of_the_four_heavenly_kings._since_i_have_reincarnated,_i_want_to_lead_a_peaceful_life",2024-06-05T22:00:00.000Z,false,0,false
66612c617ec0f3f056653447,https://asuracomics.com/6429950787-ill-be-taking-a-break-for-personal-reasons-chapter-66/,Ill_be_taking_a_break_for_personal_reasons,2024-06-05T22:00:00.000Z,false,0,false
66612c617ec0f3f05665353d,https://manhuaplus.com/manga/immortal-swordsman-in-the-reverse-world/chapter-335/,Immortal_swordsman_in_the_reverse_world,2024-06-05T22:00:00.000Z,false,0,false
66612c617ec0f3f056653448,https://asuratoon.com/1908287720-infinite-mage-chapter-68/,Infinite_mage,2024-06-05T22:00:00.000Z,false,0,false
66612c617ec0f3f0566534e6,https://mangakakalot.com/chapter/qz932208/chapter_21,Infinite_skill_getter,2024-06-05T22:00:00.000Z,false,0,false
66612c617ec0f3f0566534e7,https://asuratoon.com/0873280421-insanely-talented-player-chapter-23/,Insanely_talented_player,2024-06-05T22:00:00.000Z,false,0,false
66612c617ec0f3f056653449,https://mangakakalot.com/chapter/ve923487/chapter_11.1,Isekai_apocalypse_mynoghra_the_conquest_of_the_world_starts_with_the_civilization_of_ruin,2024-06-05T22:00:00.000Z,false,0,false
66612c617ec0f3f05665352a,https://mangakakalot.com/chapter/sd921752/chapter_28,Isekai_de_cheat_skill_wo_te_ni_shita_ore_wa,2024-06-05T22:00:00.000Z,false,0,false
66612c617ec0f3f05665344a,https://mangakakalot.com/chapter/isekai_de_kojiin_wo_hiraitakedo_nazeka_darehitori_sudatou_to_shinai_ken/chapter_26,Isekai_de_kojiin_wo_hiraitakedo_nazeka_darehitori_sudatou_to_shinai_kenu,2024-06-05T22:00:00.000Z,false,0,false
66612c617ec0f3f056653564,https://isekaiscan.com/manga/isekai-kenkokuki/chapter-46/,Isekai_kenkokuki,2024-06-05T22:00:00.000Z,false,0,false
66612c617ec0f3f0566534e9,https://chapmanganato.to/manga-js986927/chapter-23.2,Isekai_ni_otosareta_jouka_wa_kihon,2024-06-05T22:00:00.000Z,false,0,false
66612c617ec0f3f05665344b,https://mangakakalot.com/chapter/isekai_ni_tobasareta_ossan_wa_doko_e_iku/chapter_33,Isekai_ni_tobasareta_ossan_wa_doko_e_iku,2024-06-05T22:00:00.000Z,false,0,false
66612c617ec0f3f05665353e,https://readmanganato.com/manga-ag977815/chapter-149,Isekai_nonbiri_nouka,2024-06-05T22:00:00.000Z,false,0,false
66612c617ec0f3f0566533e5,https://ww2.mangakakalots.com/chapter/manga-gd983738/chapter-11,Isekai_shikkaku,2024-06-05T22:00:00.000Z,false,0,false
66612c617ec0f3f0566533ef,https://ww2.mangakakalots.com/chapter/manga-gd983738/chapter-11,Isekai_shikkaku,2024-06-05T22:00:00.000Z,false,0,false
66612c617ec0f3f056653565,https://readmanganato.com/manga-lc952485/chapter-69,Isekai_tensei_soudouki,2024-06-05T22:00:00.000Z,false,0,false
66612c617ec0f3f056653566,https://isekaiscan.com/manga/isekai-wo-seigyo-mahou-de-kirihirake/chapter-36/,Isekai_wo_seigyo_mahou_de_kirihirake!,2024-06-05T22:00:00.000Z,false,0,false
66612c617ec0f3f0566534e8,https://chapmanganato.to/manga-wn1000096/chapter-10,Isekai_yururi_camp,2024-06-05T22:00:00.000Z,false,0,false
66612c617ec0f3f05665344c,https://mangakakalot.com/chapter/cr918121/chapter_50,Isekai_yururi_kikou:_raising_children_while_being_an_adventurer,2024-06-05T22:00:00.000Z,false,0,false
66612c617ec0f3f05665344d,https://readmanganato.com/manga-ex982080/chapter-39,Jitsu_wa_ore_saikyou_deshita,2024-06-05T22:00:00.000Z,false,0,false
66612c617ec0f3f056653567,https://mangakakalot.com/chapter/juisan_no_oshigoto_in_isekai/chapter_45,Juisan_no_oshigoto_in_isekai,2024-06-05T22:00:00.000Z,false,0,false
66612c617ec0f3f05665344e,https://chapmanganato.to/manga-ow992131/chapter-36,Jujin_sama_heno_yomeiri,2024-06-05T22:00:00.000Z,false,0,false
66612c617ec0f3f05665344f,https://chapmanganato.com/manga-gv983730/chapter-45,Kaiko_sareta_ankoku_heishi_30_Dai_no_slow_na_second_life,2024-06-05T22:00:00.000Z,false,0,false
66612c617ec0f3f056653450,https://readmanganato.com/manga-gj984144/chapter-9,Kamisama_ni_kago_2_nin_bun_moraimashitau,2024-06-05T22:00:00.000Z,false,0,false
66612c617ec0f3f0566533f3,https://mangakakalot.com/chapter/kamitachi_ni_hirowareta_otoko/chapter_47,Kamitachi_ni_Hirowareta_Otoko,2024-06-05T22:00:00.000Z,false,0,false
66612c617ec0f3f056653451,https://chapmanganato.to/manga-kv987378/chapter-38,Kanchigai_no_atelier_meister,2024-06-05T22:00:00.000Z,false,0,false
66612c617ec0f3f056653452,https://reaperscans.com/comics/3892-kijin-gentoushou/chapters/18577113-chapter-103,Kijin_gentoushou,2024-06-05T22:00:00.000Z,false,0,false
66612c617ec0f3f056653453,https://asuratoon.com/2423162651-kill-the-dragon-chapter-84/,Kill_the_dragon,2024-06-05T22:00:00.000Z,false,0,false
66612c617ec0f3f056653454,https://www.asurascans.com/king-of-runes-chapter-13/#/next/,King_of_runes,2024-06-05T22:00:00.000Z,false,0,false
66612c617ec0f3f056653455,https://chapmanganato.com/manga-hi985265/chapter-30,Kojiin_tamer,2024-06-05T22:00:00.000Z,false,0,false
66612c617ec0f3f056653456,https://readmanganato.com/manga-fr982452/chapter-25,Kouryakuhon_o_kushi_suru_saikyou_no_mahoutsukai_meirei_sa_sero_to_wa_iwa_senai_oreryuu_mao_tobatsu_saizen_ruuto,2024-06-05T22:00:00.000Z,false,0,false
66612c617ec0f3f056653457,https://isekaiscan.com/manga/kujibiki-tokushou-musou-harem-ken/chapter-20-1/,Kujibiki_tokushou_musou_harem_ken,2024-06-05T22:00:00.000Z,false,0,false
66612c617ec0f3f056653568,https://isekaiscan.com/manga/kumo-desu-ga-nani-ka/chapter-54-2/,Kumo_desu_ga_nani_ka,2024-06-05T22:00:00.000Z,false,0,false
66612c617ec0f3f05665353f,https://readmanganato.com/manga-ie985687/chapter-109,Legend_of_the_northern_blade,2024-06-05T22:00:00.000Z,false,0,false
66612c617ec0f3f056653569,https://readmanganato.com/manga-aa977535/chapter-55,Legend_takano_masahar,2024-06-05T22:00:00.000Z,false,0,false
66612c617ec0f3f056653458,https://www.asurascans.com/0906168628-legendary-rankers-comeback-chapter-17/,Legendary_rankers_comeback,2024-06-05T22:00:00.000Z,false,0,false
66612c617ec0f3f056653459,https://asura.gg/legendary-youngest-son-of-the-marquis-house-chapter-55-5/,Legendary_youngest_son_of_the_marquis_house,2024-06-05T22:00:00.000Z,false,0,false
66612c617ec0f3f05665345a,https://chapmanganato.to/manga-cd979786/chapter-43,Let_s_be_an_adventurer_defeating_dungeons_with_a_skill_board,2024-06-05T22:00:00.000Z,false,0,false
66612c617ec0f3f0566534ea,https://chapmanganato.to/manga-gh983716/chapter-47,Let_s_buy_the_land_and_cultivate_in_different_world,2024-06-05T22:00:00.000Z,false,0,false
66612c617ec0f3f05665345b,https://mangakakalot.com/chapter/gz929035/chapter_6,Level_1_kara_hajimaru_shoukan_musou,2024-06-05T22:00:00.000Z,false,0,false
66612c617ec0f3f05665345c,https://mangakakalot.com/chapter/ws921564/chapter_16,Level_1_no_saikyou_kenja,2024-06-05T22:00:00.000Z,false,0,false
66612c617ec0f3f05665345d,https://reaperscans.com/comics/6792-level-up-doctor/chapters/15584144-chapter-50,Level_up_doctor,2024-06-05T22:00:00.000Z,false,0,false
66612c617ec0f3f05665345e,https://chapmanganato.com/manga-ls989201/chapter-76,Leveling_my_husband_to_the_max,2024-06-05T22:00:00.000Z,false,0,false
66612c617ec0f3f056653540,https://chapmanganato.com/manga-ho985297/chapter-124,Leveling_up_by_only_eating!,2024-06-05T22:00:00.000Z,false,0,false
66612c617ec0f3f05665345f,https://readmanganato.com/manga-ml989546/chapter-36,Leveling_with_the_gods,2024-06-05T22:00:00.000Z,false,0,false
66612c617ec0f3f056653460,https://asuratoon.com/1908287720-life-of-a-magic-academy-mage-chapter-96/,Life_of_a_magic_academy_mage,2024-06-05T22:00:00.000Z,false,0,false
66612c617ec0f3f056653461,https://readmanganato.com/manga-gy984133/chapter-130,Lightning_degree,2024-06-05T22:00:00.000Z,false,0,false
66612c617ec0f3f056653462,https://mangakakalot.com/chapter/xs922998/chapter_19.1,Little_girl_x_scoop_x_evil_eye,2024-06-05T22:00:00.000Z,false,0,false
66612c617ec0f3f056653463,https://asuratoon.com/logging-10000-years-into-the-future-chapter-121/,Logging_10000_years_into_the_future,2024-06-05T22:00:00.000Z,false,0,false
66612c617ec0f3f056653541,https://chapmanganato.com/manga-gr983826/chapter-330,Magic_emperor,2024-06-05T22:00:00.000Z,false,0,false
66612c617ec0f3f056653464,https://chapmanganato.com/manga-qz993682/chapter-20,Magic_level_99990000_all_attribute_great_sage,2024-06-05T22:00:00.000Z,false,0,false
66612c617ec0f3f056653465,https://manhuaus.com/manga/magician-from-another-world/chapter-25/,Magician_from_another_world,2024-06-05T22:00:00.000Z,false,0,false
66612c617ec0f3f05665356a,https://mangakakalot.com/chapter/maken_no_daydreamer/chapter_45,Maken_no_daydreamer,2024-06-05T22:00:00.000Z,false,0,false
66612c617ec0f3f05665356b,https://mangakakalot.com/chapter/maousama_no_machizukuri_saikyou_no_dungeon_wa_kindai_toshi/chapter_27,Maou_sama_no_machizukuri_saikyou_no_dungeon_wa_kindai_toshi,2024-06-05T22:00:00.000Z,false,0,false
66612c617ec0f3f056653466,https://drakescans.com/series/martial-god-chat-group/chapter-24/,Martial_god_chat_group,2024-06-05T22:00:00.000Z,false,0,false
66612c617ec0f3f056653542,https://readmanganato.com/manga-bn978870/chapter-1400,Martial_peak,2024-06-05T22:00:00.000Z,false,0,false
66612c617ec0f3f056653467,https://reaperscans.com/comics/6080-martial-streamer/chapters/82270627-chapter-20,Martial_streamer,2024-06-05T22:00:00.000Z,false,0,false
66612c617ec0f3f0566534eb,https://chapmanganato.to/manga-el982020/chapter-52,Maseki_gurume,2024-06-05T22:00:00.000Z,false,0,false
66612c617ec0f3f056653468,https://readmanganato.com/manga-mx990132/chapter-30,Maxed_out_leveling,2024-06-05T22:00:00.000Z,false,0,false
66612c617ec0f3f056653469,https://readmanganato.com/manga-jp986850/chapter-13,Meccha_shoukan_sareta_ken,2024-06-05T22:00:00.000Z,false,0,false
66612c617ec0f3f05665356c,https://mangakomi.com/manga/medical-return/chapter-148/,Medical_return,2024-06-05T22:00:00.000Z,false,0,false
66612c617ec0f3f0566534ec,https://chapmanganato.to/manga-kx988180/chapter-24,Meikyuu_metro,2024-06-05T22:00:00.000Z,false,0,false
66612c617ec0f3f05665346a,https://readmanganato.com/manga-jo986949/chapter-53,Memorize,2024-06-05T22:00:00.000Z,false,0,false
66612c617ec0f3f05665356d,https://mangakakalot.com/chapter/miracle_app_store/chapter_50,Miracle_app_store,2024-06-05T22:00:00.000Z,false,0,false
66612c617ec0f3f0566534ed,http://Mob_kara_hajimaru_tansaku_eiyuutanhttps://mangakakalot.com/chapter/ct931968/chapter_18,Mob_kara_hajimaru_tansaku_eiyuutan,2024-06-05T22:00:00.000Z,false,0,false
66612c617ec0f3f05665346b,https://flamescans.org/1687989662-monster-pet-evolution-chapter-190/,Monster_pet_evolution,2024-06-05T22:00:00.000Z,false,0,false
66612c617ec0f3f056653543,https://w11.mangafreak.net/Read1_The_Last_Human_300,Moshi_fanren,2024-06-05T22:00:00.000Z,false,0,false
66612c617ec0f3f05665346c,https://mangakakalot.com/chapter/moto_saikyou_no_kenshi_wa_isekai_mahou_ni_akogareru/chapter_23,Moto_saikyou_no_wa_iseka,2024-06-05T22:00:00.000Z,false,0,false
66612c617ec0f3f0566534ee,https://asuratoon.com/9260952888-mr-devourer-please-act-like-a-final-boss-chapter-24/,Mr_devourer_please_act_like_a_final_boss,2024-06-05T22:00:00.000Z,false,0,false
66612c617ec0f3f0566534ef,https://www.mangaread.org/manga/mr-zombie/chapter-70/,Mr_zombie,2024-06-05T22:00:00.000Z,false,0,false
66612c617ec0f3f05665356e,https://isekaiscan.com/manga/murabito-desu-ga-nani-ka/chapter-40/,Murabito_desu_ga_nani_ka,2024-06-05T22:00:00.000Z,false,0,false
66612c617ec0f3f05665346d,https://chapmanganato.com/manga-qm951521/chapter-87,Mushoku_tensei,2024-06-05T22:00:00.000Z,false,0,false
66612c617ec0f3f05665352f,https://lelscans.net/scan-my-hero-academia/328,My_Hero_Academia,2024-06-05T22:00:00.000Z,false,0,false
66612c617ec0f3f0566534f0,https://mangakakalot.com/chapter/it934548/chapter_42,My_apprentice_is_actually_the_empress,2024-06-05T22:00:00.000Z,false,0,false
66612c617ec0f3f056653544,https://chapmanganato.to/manga-iu986029/chapter-161,My_dad_is_too_strong,2024-06-05T22:00:00.000Z,false,0,false
66612c617ec0f3f05665346e,https://asura.gg/my-daughter-is-the-final-boss-chapter-82/,My_daughter_is_the_final_boss,2024-06-05T22:00:00.000Z,false,0,false
66612c617ec0f3f056653545,https://readmanganato.com/manga-je987339/chapter-178,My_disciples_are_super_gods,2024-06-05T22:00:00.000Z,false,0,false
66612c617ec0f3f05665346f,https://readmanganato.com/manga-mi990343/chapter-26,My_in_laws_are_obsessed_with_me,2024-06-05T22:00:00.000Z,false,0,false
66612c617ec0f3f056653470,https://asura.gg/my-insanely-competent-underlings-chapter-11/,My_insanely_competent_underlings,2024-06-05T22:00:00.000Z,false,0,false
66612c617ec0f3f056653471,https://www.mangaread.org/manga/my-levels-the-best/chapter-28/,My_levels_the_best,2024-06-05T22:00:00.000Z,false,0,false
66612c617ec0f3f0566534f1,https://chapmanganato.com/manga-ri994543/chapter-53,My_little_brother_is_the_academy_s_hotshot,2024-06-05T22:00:00.000Z,false,0,false
66612c617ec0f3f0566534f2,https://newmanhua.com/manga/my-lucky-encounter-from-the-game-turned-into-reality/chapter-44/,My_lucky_encounter_from_the_game_turned_into_reality,2024-06-05T22:00:00.000Z,false,0,false
66612c617ec0f3f0566534f3,https://www.mangaread.org/https://www.mangaread.org/manga/my-s-rank-party-fired-me-for-being-a-cursificer-i-can-only-make-cursed-items-but-theyre-artifact-class/chapter-32-1//,My_s_rank_party_fired_me_for_being_a_cursificer_i_can_only_make_cursed_items_but_they_re_artifact_class,2024-06-05T22:00:00.000Z,false,0,false
66612c617ec0f3f056653472,https://asuratoon.com/1908287720-my-school-life-pretending-to-be-a-worthless-person-chapter-64/,My_school_life_pretending_to_be_a_worthless_person,2024-06-05T22:00:00.000Z,false,0,false
66612c617ec0f3f056653473,https://manga-scantrad.net/manga/my-way-of-killing-gods-in-another-world/chapitre-41/,My_way_of_killing_gods_in_another_world,2024-06-05T22:00:00.000Z,false,0,false
66612c617ec0f3f056653546,https://chapmanganato.com/manga-dk980967/chapter-428,My_wife_is_a_demon_king,2024-06-05T22:00:00.000Z,false,0,false
66612c617ec0f3f0566534f4,https://chapmanganato.to/manga-nm990569/chapter-278,My_wife_is_from_thousand_years_ago,2024-06-05T22:00:00.000Z,false,0,false
66612c617ec0f3f056653474,https://readmanganato.com/manga-ik985693/chapter-66,Nano_machine,2024-06-05T22:00:00.000Z,false,0,false
66612c617ec0f3f0566534f5,https://chapmanganato.to/manga-xa1000857/chapter-20,Nature_mage_ashto_s_slow_life_in_an_abandoned_forest,2024-06-05T22:00:00.000Z,false,0,false
66612c617ec0f3f0566534f6,https://reaperscans.fr/serie/necromancer-academys-genius-summoner/chapitre-87/,Necromancer_academys_genius_summoner,2024-06-05T22:00:00.000Z,false,0,false
66612c617ec0f3f0566534f7,https://asuratoon.com/4622438374-necromancers-evolutionary-traits-chapter-46/,Necromancers_evolutionary_traits,2024-06-05T22:00:00.000Z,false,0,false
66612c617ec0f3f05665356f,https://mangakakalot.com/chapter/neet_dakedo_hello_work_ni_ittara_isekai_ni_tsuretekareta/chapter_34,Neet_dakedo_hello_work_ni_ittara_isekai_ni_tsuretekareta,2024-06-05T22:00:00.000Z,false,0,false
66612c617ec0f3f056653475,https://readmanganato.com/manga-zs976801/chapter-24,Next_life,2024-06-05T22:00:00.000Z,false,0,false
66612c617ec0f3f056653570,https://isekaiscan.com/manga/nidoume-no-jinsei-wo-isekai-de/chapter-44/,Nidoume_no_jinsei,2024-06-05T22:00:00.000Z,false,0,false
66612c617ec0f3f0566534f8,https://lhtranslation.net/manga/nito-no-taidana-isekai-shoukougun-saijaku-shoku-healer-nano-ni-saikyou-wa-cheat-desu-ka/chapter-32-2/,Nito_no_taidana_isekai_shoukougun_saijaku_shoku_healer_nano_ni_saikyou_wa_cheat_desu_ka,2024-06-05T22:00:00.000Z,false,0,false
66612c617ec0f3f056653547,https://flamescans.org/omniscient-readers-viewpoint-chapter-79/,Omniscient_reader_s_viewpoint,2024-06-05T22:00:00.000Z,false,0,false
66612c617ec0f3f056653476,https://www.asurascans.com/on-my-way-to-kill-god-chapter-39/,On_my_way_to_kill_god,2024-06-05T22:00:00.000Z,false,0,false
66612c617ec0f3f0566533f4,https://www.scan-fr.org/manga/one-punch-man/210/26,One_Push_Man,2024-06-05T22:00:00.000Z,false,0,false
66612c617ec0f3f056653477,https://reaperscans.com/comics/3959-one-of-a-kind-irregular/chapters/40916868-chapter-42,One_of_a_kind_irregular,2024-06-05T22:00:00.000Z,false,0,false
66612c617ec0f3f056653571,https://chapmanganato.to/manga-cl979568/chapter-46.5,Ore_dake_haireru_kakushi_dungeon,2024-06-05T22:00:00.000Z,false,0,false
66612c617ec0f3f05665352b,https://chapmanganato.to/manga-bp979224/chapter-176,Ore_no_le_ga_maryoku_spot_datta_ken_sundeiru_dake_de_sekai_saikyou,2024-06-05T22:00:00.000Z,false,0,false
66612c617ec0f3f056653548,https://chapmanganato.com/manga-ec982085/chapter-240,Other_world_warrior,2024-06-05T22:00:00.000Z,false,0,false
66612c617ec0f3f0566534f9,https://asuratoon.com/3619099433-otherworldly-skeleton-evolution-chapter-13/,Otherworldly_skeleton_evolution,2024-06-05T22:00:00.000Z,false,0,false
66612c617ec0f3f056653478,https://www.asurascans.com/overbearing-tyrant-chapter-25/,Overbearing_tyrant,2024-06-05T22:00:00.000Z,false,0,false
66612c617ec0f3f05665352e,https://chapmanganato.com/manga-hi985065/chapter-132,Overgeared,2024-06-05T22:00:00.000Z,false,0,false
66612c617ec0f3f0566533f5,https://w13.mangafreak.net/Read1_Overlord_71,Overlord,2024-06-05T22:00:00.000Z,false,0,false
66612c617ec0f3f056653479,https://www.asurascans.com/overpowered-sword-chapter-25/,Overpowered_sword,2024-06-05T22:00:00.000Z,false,0,false
66612c617ec0f3f05665347a,https://reaperscans.com/comics/4450-past-life-returner/chapters/80807297-chapter-21,Past_life_returner,2024-06-05T22:00:00.000Z,false,0,false
66612c617ec0f3f05665347b,https://reaperscans.com/comics/2995-perfect-surgeon/chapters/34540413-chapter-57,Perfect_surgeon,2024-06-05T22:00:00.000Z,false,0,false
66612c617ec0f3f05665347c,https://asuratoon.com/4622438374-pick-me-up-infinite-gacha-chapter-79/,Pick_me_up_infinite_gacha,2024-06-05T22:00:00.000Z,false,0,false
66612c617ec0f3f05665347d,https://readmanganato.com/manga-mt990276/chapter-89,Player_oh_hyeon_jun,2024-06-05T22:00:00.000Z,false,0,false
66612c617ec0f3f05665347e,https://www.asurascans.com/player-who-returned-10000-years-later-chapter-19/,Player_who_Returned_10000_Years_Later,2024-06-05T22:00:00.000Z,false,0,false
66612c617ec0f3f0566534fa,https://topmanhua.com/manhua/please-behave-my-wife/chapter-59/,Please_behave_my_wife,2024-06-05T22:00:00.000Z,false,0,false
66612c617ec0f3f05665347f,https://www.asurascans.com/poison-eating-healer-chapter-44/,Poison_eating_healer,2024-06-05T22:00:00.000Z,false,0,false
66612c617ec0f3f056653480,https://mangakakalot.com/chapter/pe929225/chapter_24,Prince_hero,2024-06-05T22:00:00.000Z,false,0,false
66612c617ec0f3f056653481,https://chapmanganato.com/manga-qn994096/chapter-7,Real_play_berseker,2024-06-05T22:00:00.000Z,false,0,false
66612c617ec0f3f056653482,https://readmanganato.com/manga-mg990089/chapter-22,Reality_quest,2024-06-05T22:00:00.000Z,false,0,false
66612c617ec0f3f056653483,https://asuratoon.com/4371207539-reaper-of-the-drifting-moon-chapter-58/,Reaper_of_the_drifting_moon,2024-06-05T22:00:00.000Z,false,0,false
66612c617ec0f3f056653572,https://mangakakalot.com/chapter/jx919564/chapter_14,Reborn_as_a_barrier_master,2024-06-05T22:00:00.000Z,false,0,false
66612c617ec0f3f0566534fc,https://asuratoon.com/7117659858-regressing-with-the-kings-power-chapter-11/,Regressing_with_the_kings_power,2024-06-05T22:00:00.000Z,false,0,false
66612c617ec0f3f056653484,https://www.asurascans.com/reincarnated-escort-warrior-chapter-53-s1-end/,Reincarnated_escort_warrior,2024-06-05T22:00:00.000Z,false,0,false
66612c617ec0f3f056653485,https://www.asurascans.com/reincarnation-of-the-strongest-sword-god-chapter-5/,Reincarnation_of_the_strongest_sword_god,2024-06-05T22:00:00.000Z,false,0,false
66612c617ec0f3f056653486,https://asura.gg/reincarnation-of-the-suicidal-battle-god-chapter-60-5-2/,Reincarnation_of_the_suicidal_battle_god,2024-06-05T22:00:00.000Z,false,0,false
66612c617ec0f3f0566534fb,https://asuratoon.com/1908287720-reincarnator-chapter-25/,Reincarnator,2024-06-05T22:00:00.000Z,false,0,false
66612c617ec0f3f056653487,https://readmanganato.com/manga-do980949/chapter-335,Release_that_witch,2024-06-05T22:00:00.000Z,false,0,false
66612c617ec0f3f056653488,https://www.asurascans.com/relife-player-chapter-33/,Relife_player,2024-06-05T22:00:00.000Z,false,0,false
66612c617ec0f3f056653549,https://readmanganato.com/manga-ec981685/chapter-133,Return_from_the_world_of_immortals,2024-06-05T22:00:00.000Z,false,0,false
66612c617ec0f3f056653489,https://readmanganato.com/manga-ln989322/chapter-61,Return_of_the_8th_class_magician,2024-06-05T22:00:00.000Z,false,0,false
66612c617ec0f3f05665348a,https://readmanganato.com/manga-lb988436/chapter-49,Return_of_the_frozen_player,2024-06-05T22:00:00.000Z,false,0,false
66612c617ec0f3f05665348b,https://www.webtoon.xyz/read/return-of-the-shattered-constellation/chapter-60/,Return_of_the_shattered_constellation,2024-06-05T22:00:00.000Z,false,0,false
66612c617ec0f3f05665348c,https://www.asurascans.com/return-of-the-sss-class-ranker-chapter-21/,Return_of_the_sss-class_ranker,2024-06-05T22:00:00.000Z,false,0,false
66612c617ec0f3f056653573,https://readmanganato.com/manga-hc985137/chapter-121,Return_survival,2024-06-05T22:00:00.000Z,false,0,false
66612c617ec0f3f05665348d,https://chapmanganato.com/manga-og991989/chapter-65,Return_warrior_s_alley_restaurant,2024-06-05T22:00:00.000Z,false,0,false
66612c617ec0f3f05665348e,https://asuratoon.com/9188439096-revenge-of-the-iron-blooded-sword-hound-chapter-74/,Revenge_of_the_iron_blooded_sword_hound,2024-06-05T22:00:00.000Z,false,0,false
66612c617ec0f3f05665354a,https://readmanganato.com/manga-fr982826/chapter-222,Rich_player,2024-06-05T22:00:00.000Z,false,0,false
66612c617ec0f3f0566533f6,https://readmanganato.com/manga-bm979347/chapter-44,Ride_On_King,2024-06-05T22:00:00.000Z,false,0,false
66612c617ec0f3f05665348f,https://www.asurascans.com/rise-of-the-cheat-user-chapter-21/,Rise_of_the_cheat_user,2024-06-05T22:00:00.000Z,false,0,false
66612c617ec0f3f056653490,https://readmanganato.com/manga-it985502/chapter-17,Road_to_kingdomw,2024-06-05T22:00:00.000Z,false,0,false
66612c617ec0f3f05665354b,https://readmanganato.com/manga-ko987549/chapter-74,SSS_class_suicide_hunter,2024-06-05T22:00:00.000Z,false,0,false
66612c617ec0f3f0566534fd,https://chapmanganato.to/manga-ug998215/chapter-17,Saikyou_de_saisoku_no_mugen,2024-06-05T22:00:00.000Z,false,0,false
66612c617ec0f3f056653491,https://www.manga-raw.club/reader/en/the-reincarnated-swordsman-with-9999-strength-wants-to-become-a-magician-chapter-5-eng-li/,Saikyou_kensei_no_mahou_shugyou_level_99_no_status_wo_tamotta_mama_level_1_kara_yarinaosu,2024-06-05T22:00:00.000Z,false,0,false
66612c617ec0f3f056653574,https://mangakakalot.com/chapter/saikyou_no_shokugyou_wa_yuusha_demo_kenja_demo_naku_kanteishi_kari_rashii_desu_yo/chapter_27,Saikyou_no_shokugyou_wa_yuusha_demo_kenja_demo_naku_kanteishi_Kari_rashii_desu_o,2024-06-05T22:00:00.000Z,false,0,false
66612c617ec0f3f0566534fe,https://mangakakalot.com/chapter/cf935404/chapter_52,Scoring_the_sacred_body_of_the_ancients_from_the_get_go,2024-06-05T22:00:00.000Z,false,0,false
66612c617ec0f3f056653492,https://chapmanganato.com/manga-oz992082/chapter-127,Secretly_cultivate_for_a_thousand_years,2024-06-05T22:00:00.000Z,false,0,false
66612c617ec0f3f0566534ff,https://chapmanganato.com/manga-rs994475/chapter-16,Sekai_ni_hitori__zenzokusei_mahou_no_tsukaite,2024-06-05T22:00:00.000Z,false,0,false
66612c617ec0f3f056653500,https://mangakakalot.com/chapter/sekai_saikyou_no_shinjuu_tsukai/chapter_17.2,Sekai_saikyou_no_shinjuu_tsukai,2024-06-05T22:00:00.000Z,false,0,false
66612c617ec0f3f0566533dd,https://mangakakalot.com/chapter/uo918468/chapter_30,Sen_no_sukiru_o_motsu_otoko,2024-06-05T22:00:00.000Z,false,0,false
66612c617ec0f3f056653493,https://readmanganato.com/manga-ha984983/chapter-49,Shijou_saikyou_orc_san_no_tanoshii_tanetsuke_harem_zukuri,2024-06-05T22:00:00.000Z,false,0,false
66612c617ec0f3f056653494,https://readmanganato.com/manga-ju987355/chapter-19,Shin_no_jitsuryoku_wa_girigiri_made_kakushite_iyou_to_omou,2024-06-05T22:00:00.000Z,false,0,false
66612c617ec0f3f0566533f7,https://www.webtoon.xyz/read/skeleton-soldier-couldnt-protect-the-dungeon/chapter-146/,Skeleton_Soldat_Coundn_t_Protect_the_Dungeon,2024-06-05T22:00:00.000Z,false,0,false
66612c617ec0f3f056653495,https://www.asurascans.com/sleeping-ranker-chapter-61-5/,Sleeping_ranker,2024-06-05T22:00:00.000Z,false,0,false
66612c617ec0f3f056653575,https://mangakakalot.com/chapter/lu919294/chapter_21.5,Slime_reincarnation,2024-06-05T22:00:00.000Z,false,0,false
66612c617ec0f3f0566533f8,https://chapmanganato.com/manga-dr980474/chapter-192.8,Solo_Leveling,2024-06-05T22:00:00.000Z,false,0,false
66612c617ec0f3f056653501,https://chapmanganato.to/manga-sb996310/chapter-63,Solo_farming_in_the_tower,2024-06-05T22:00:00.000Z,false,0,false
66612c617ec0f3f05665354c,https://chapmanganato.com/manga-hz984934/chapter-162,Solo_login,2024-06-05T22:00:00.000Z,false,0,false
66612c617ec0f3f056653496,https://readmanganato.com/manga-jp987072/chapter-22,Someday_will_i_be_the_greatest_alchemist,2024-06-05T22:00:00.000Z,false,0,false
66612c617ec0f3f056653497,https://mangakakalot.com/chapter/nt925526/chapter_15,Sono_monban_saikyou_nitsuki,2024-06-05T22:00:00.000Z,false,0,false
66612c617ec0f3f056653576,https://mangakakalot.com/chapter/sono_mono_nochi_ni_shinichirou_nariie/chapter_20,Sono_mono_nochi_ni,2024-06-05T22:00:00.000Z,false,0,false
66612c617ec0f3f0566533e1,https://readmanganato.com/manga-hg952215/chapter-272,Soul_land_I,2024-06-05T22:00:00.000Z,false,0,false
66612c617ec0f3f0566533e2,https://manganelo.com/chapter/douluo_dalu_ii_jueshui_tangmen/chapter_231,Soul_land_II,2024-06-05T22:00:00.000Z,false,0,false
66612c617ec0f3f0566533ed,https://isekaiscan.com/manga/soul-land-iii-the-legend-of-the-dragon-king/chapter-146/,Soul_land_III,2024-06-05T22:00:00.000Z,false,0,false
66612c617ec0f3f05665354d,https://manhuaplus.com/manga/soul-land-iv/chapter-315/,Soul_land_IV,2024-06-05T22:00:00.000Z,false,0,false
66612c617ec0f3f0566533f9,https://mangakakalot.com/chapter/sousei_no_taiga/chapter_64,Sousei_no_Taiga,2024-06-05T22:00:00.000Z,false,0,false
66612c617ec0f3f0566533e0,https://mangakakalot.com/chapter/sozai_saishuka_no_isekai_ryokouki/chapter_29,Sozai_saishuka_no_isekai_ryokouki,2024-06-05T22:00:00.000Z,false,0,false
66612c617ec0f3f0566533ea,https://mangakakalot.com/chapter/sozai_saishuka_no_isekai_ryokouki/chapter_29,Sozai_saishuka_no_isekai_ryokouki,2024-06-05T22:00:00.000Z,false,0,false
66612c617ec0f3f056653498,https://chapmanganato.to/manga-je987061/chapter-176,Spirit_farmer,2024-06-05T22:00:00.000Z,false,0,false
66612c617ec0f3f056653577,https://readmanganato.com/manga-cu979729/chapter-370,Spirit_sword_sovereign,2024-06-05T22:00:00.000Z,false,0,false
66612c617ec0f3f056653499,https://www.asurascans.com/sss-class-gacha-hunter-chapter-66/,Sss_class_gacha_hunter,2024-06-05T22:00:00.000Z,false,0,false
66612c617ec0f3f05665349a,https://asura.nacm.xyz/3007846723-standard-of-reincarnation-chapter-63/,Standard_of_reincarnation,2024-06-05T22:00:00.000Z,false,0,false
66612c617ec0f3f056653502,https://asuratoon.com/1908287720-star-embracing-swordmaster-chapter-44/,Star_embracing_swordmaster,2024-06-05T22:00:00.000Z,false,0,false
66612c617ec0f3f05665349b,https://manhuaplus.com/manga/start-raising-dragons-from-today/chapter-24/,Start_raising_dragons_from_today,2024-06-05T22:00:00.000Z,false,0,false
66612c617ec0f3f05665354e,https://readmanganato.com/manga-gi983743/chapter-320,Starting_from_today_i_ll_work_as_a_city_lord,2024-06-05T22:00:00.000Z,false,0,false
66612c617ec0f3f05665349c,https://www.asurascans.com/starting-today-im-a-player-chapter-49/,Starting_today_im_a_player,2024-06-05T22:00:00.000Z,false,0,false
66612c617ec0f3f056653578,https://mangakakalot.com/chapter/if923031/chapter_69,Strongest_caveman,2024-06-05T22:00:00.000Z,false,0,false
66612c617ec0f3f05665354f,https://www.mangaread.org/manga/survival-story-of-a-sword-king-in-a-fantasy-world-manhua/chapter-102/,Survival_story_of_a_sword_king_in_a_fantasy_world,2024-06-05T22:00:00.000Z,false,0,false
66612c617ec0f3f056653550,https://readmanganato.com/manga-jv987178/chapter-160,Survive_on_a_deserted_island_with_beatiful_girls,2024-06-05T22:00:00.000Z,false,0,false
66612c617ec0f3f05665349d,https://asuratoon.com/7453019337-surviving-the-game-as-a-barbarian-chapter-53/,Surviving_the_game_as_a_barbarian,2024-06-05T22:00:00.000Z,false,0,false
66612c617ec0f3f05665349e,https://asuratoon.com/swordmasters-youngest-son-chapter-100-s1-end/,Swordmasters_youngest_son,2024-06-05T22:00:00.000Z,false,0,false
66612c617ec0f3f056653551,https://www.webtoon.xyz/read/tale-of-a-scribe-who-retires-to-the-countryside/chapter-187/,Tale_of_a_scribe_who_retires_to_the_countryside,2024-06-05T22:00:00.000Z,false,0,false
66612c617ec0f3f056653552,https://manhuaplus.com/manga/tales-of-demons-and-gods/chapter-389-6/,Tale_of_demon_and_god,2024-06-05T22:00:00.000Z,false,0,false
66612c617ec0f3f05665349f,https://readmanganato.com/manga-ni990391/chapter-22,Talent_swallowing_magician,2024-06-05T22:00:00.000Z,false,0,false
66612c617ec0f3f0566533fa,https://readmanganato.com/manga-wg974263/chapter-55,Tensei_Sword,2024-06-05T22:00:00.000Z,false,0,false
66612c617ec0f3f0566534a0,https://mangakakalot.com/chapter/hi924078/chapter_40,Tensei_goblin_dakedo_shitsumon_aru,2024-06-05T22:00:00.000Z,false,0,false
66612c617ec0f3f05665352c,https://chapmanganato.to/manga-cd979886/chapter-65.2,Tensei_kenja_no_isekai_raifu,2024-06-05T22:00:00.000Z,false,0,false
66612c617ec0f3f0566534a1,https://readmanganato.com/manga-cv979404/chapter-37,Tensei_kizoku_no_isekai_boukenroku_jichou_wo_shiranai_kamigami_no_shitou,2024-06-05T22:00:00.000Z,false,0,false
66612c617ec0f3f056653503,https://chapmanganato.com/manga-uc997385/chapter-6,Tensei_shachiku_no_cheat_saien_ban_nou_skill_to_benri_na_tsukaima_yousei_wo_kushishitetara_kidzukeba_tairiku_ichi_no_seisan_kyoten_ga_dekiteita,2024-06-05T22:00:00.000Z,false,0,false
66612c617ec0f3f0566533df,https://chapmanganato.to/manga-cw979679/chapter-33,Tensei_shitara_dragon_no_tamago_datta_saikyou_igai_mezasa_nee,2024-06-05T22:00:00.000Z,false,0,false
66612c617ec0f3f0566533e9,https://chapmanganato.to/manga-cw979679/chapter-33,Tensei_shitara_dragon_no_tamago_datta_saikyou_igai_mezasa_nee,2024-06-05T22:00:00.000Z,false,0,false
66612c617ec0f3f056653579,https://readmanganato.com/manga-tz953334/chapter-89,Tensei_shitara_slime_datta_ken,2024-06-05T22:00:00.000Z,false,0,false
66612c617ec0f3f0566534a2,https://asuratoon.com/1908287720-terminally-ill-genius-dark-knight-chapter-59/,Terminally_ill_genius_dark_knight,2024-06-05T22:00:00.000Z,false,0,false
66612c617ec0f3f0566533fb,https://chapmanganato.com/manga-dg980989/chapter-168,The_Beggining_After_The_End,2024-06-05T22:00:00.000Z,false,0,false
66612c617ec0f3f0566533fc,https://readmanganato.com/manga-wl951846/chapter-169,The_Lengendary_Moonlight_Sculptor,2024-06-05T22:00:00.000Z,false,0,false
66612c617ec0f3f056653504,https://mangakakalot.com/chapter/lz931461/chapter_32,The_amazing_village_creator__slow_living_with_the_village_building_cheat_skill,2024-06-05T22:00:00.000Z,false,0,false
66612c617ec0f3f056653505,https://chapmanganato.to/manga-wv999478/chapter-32,The_archmage_s_restaurant,2024-06-05T22:00:00.000Z,false,0,false
66612c617ec0f3f056653506,https://chapmanganato.to/manga-yz1001608/chapter-7,The_banished_noble_uses_the_trash_skill__ancient_summoning__to_summon_heroes_and_bring_life_to_the_borderlands__when_i_summoned_the_heroes__they_adored_me__so_they_made_my_territory_the_strongest,2024-06-05T22:00:00.000Z,false,0,false
66612c617ec0f3f0566534cc,https://www.asurascans.com/the-book-of-lagier-chapter-35/,The_book_of_lagier,2024-06-05T22:00:00.000Z,false,0,false
66612c617ec0f3f056653553,https://readmanganato.com/manga-ex981880/chapter-42.1,The_child_of_light,2024-06-05T22:00:00.000Z,false,0,false
66612c617ec0f3f0566534a4,https://asura.gg/the-constellation-that-returned-from-hell-chapter-108/,The_constellation_that_returned_from_hell,2024-06-05T22:00:00.000Z,false,0,false
66612c617ec0f3f056653507,https://mangaclash.com/manga/the-counts-youngest-son-is-a-player/chapter-46/,The_counts_youngest_son_is_a_player,2024-06-05T22:00:00.000Z,false,0,false
66612c617ec0f3f056653508,https://mangakakalot.com/chapter/tu937340/chapter_18,The_crafty_mage_frontier_settling_made_easy,2024-06-05T22:00:00.000Z,false,0,false
66612c617ec0f3f056653509,https://asuratoon.com/1908287720-the-crown-prince-that-sells-medicine-chapter-26/,The_crown_prince_that_sells_medicine,2024-06-05T22:00:00.000Z,false,0,false
66612c617ec0f3f0566534a5,https://chapmanganato.to/manga-po993271/chapter-54,The_daily_life_of_a_middle_aged_online_shopper_in_another_world,2024-06-05T22:00:00.000Z,false,0,false
66612c617ec0f3f0566534a3,https://asuratoon.com/3619099433-the-dark-mages-return-to-enlistment-chapter-43/,The_dark_mages_return_to_enlistment,2024-06-05T22:00:00.000Z,false,0,false
66612c617ec0f3f0566534a6,https://readmanganato.com/manga-ly989281/chapter-33,The_dark_magician_transmigrates_after_66666_years,2024-06-05T22:00:00.000Z,false,0,false
66612c617ec0f3f0566534a7,https://readmanganato.com/manga-be979313/chapter-27,The_death_mage_who_doesnt_want_a_fourth_time,2024-06-05T22:00:00.000Z,false,0,false
66612c617ec0f3f05665350a,https://reaperscans.fr/serie/the-demon-prince-goes-to-the-academy/chapitre-45/,The_demon_prince_goes_to_the_academy,2024-06-05T22:00:00.000Z,false,0,false
66612c617ec0f3f05665357a,https://readmanganato.com/manga-gs983501/chapter-108,The_descent_of_the_demonic_master,2024-06-05T22:00:00.000Z,false,0,false
66612c617ec0f3f0566534a8,https://chapmanganato.com/manga-if986340/chapter-28,The_executed_sage_is_reincarnated_as_a_lich_and_starts_an_all_out_war,2024-06-05T22:00:00.000Z,false,0,false
66612c617ec0f3f0566534a9,https://www.mangaread.org/manga/the-exiled-reincarnated-heavy-knight-is-unrivaled-in-game-knowledge/chapter-79/,The_exiled_reincarnated_heavy_knight_is_unrivaled_in_game_knowledge,2024-06-05T22:00:00.000Z,false,0,false
66612c617ec0f3f05665350b,https://asuratoon.com/0435219386-the-extra-is-too-strong-chapter-43/,The_extra_is_too_strong,2024-06-05T22:00:00.000Z,false,0,false
66612c617ec0f3f05665350c,https://asuratoon.com/1908287720-the-extras-academy-survival-guide-chapter-27/,The_extra_s_academy_survival_guide,2024-06-05T22:00:00.000Z,false,0,false
66612c617ec0f3f0566534aa,https://readmanganato.com/manga-la988935/chapter-115,The_game_that_i_came_from,2024-06-05T22:00:00.000Z,false,0,false
66612c617ec0f3f0566534ab,https://reaperscans.com/comics/5565-the-games-greatest-troll/chapters/45533358-chapter-7,The_games_greatest_troll,2024-06-05T22:00:00.000Z,false,0,false
66612c617ec0f3f05665350e,https://chapmanganato.to/manga-xk1001045/chapter-30,The_gardener_in_a_hunter_world,2024-06-05T22:00:00.000Z,false,0,false
66612c617ec0f3f056653554,https://mangakakalot.com/chapter/fq918022/chapter_40,The_gateway_of_revolution,2024-06-05T22:00:00.000Z,false,0,false
66612c617ec0f3f05665350f,https://asuratoon.com/3370734378-the-genius-assassin-who-takes-it-all-chapter-13/,The_genius_assassin_who_takes_it_all,2024-06-05T22:00:00.000Z,false,0,false
66612c617ec0f3f056653510,https://chapmanganato.to/manga-yg1002089/chapter-29,The_great_mage_of_the_hero_s_party_reincarnates,2024-06-05T22:00:00.000Z,false,0,false
66612c617ec0f3f056653555,https://readmanganato.com/manga-hu985229/chapter-130,The_great_mage_returns,2024-06-05T22:00:00.000Z,false,0,false
66612c617ec0f3f0566534ac,https://asuratoon.com/1908287720-the-heavenly-demon-cant-live-a-normal-life-chapter-117/,The_heavenly_demon_cant_live_a_normal_life,2024-06-05T22:00:00.000Z,false,0,false
66612c617ec0f3f056653511,https://asuratoon.com/9766692502-the-heavenly-demons-descendant-chapter-10/,The_heavenly_demons_descendant,2024-06-05T22:00:00.000Z,false,0,false
66612c617ec0f3f05665357b,https://chapmanganato.to/manga-ej982318/chapter-44,The_hero_who_has_no_class,2024-06-05T22:00:00.000Z,false,0,false
66612c617ec0f3f05665350d,https://asuratoon.com/1908287720-the-indomitable-martial-king-chapter-32/,The_indomitable_martial_king,2024-06-05T22:00:00.000Z,false,0,false
66612c617ec0f3f0566534ad,https://www.mangaread.org/manga/the-initial-skill-is-too-convenient-and-life-in-the-otherworld-is-too-fun/chapter-15/,The_initial_skill_is_too_convenien,2024-06-05T22:00:00.000Z,false,0,false
66612c617ec0f3f056653512,https://ww6.mangakakalot.tv/chapter/manga-tn997296/chapter-15,The_iron_blooded_necromancer_has_returned,2024-06-05T22:00:00.000Z,false,0,false
66612c617ec0f3f056653513,https://dark-scan.com/manga/yuusha-party-o-oida-sareta-kiyou-binbou/chapter-28-4/?style=list,The_jack_of_all_trades_kicked_out_of_the_heros_party_the_swordsman_who_became_a_support_mage_due_to_party_circumstances_becomes_all_powerful,2024-06-05T22:00:00.000Z,false,0,false
66612c617ec0f3f056653514,https://mangakakalot.com/chapter/the_kicked_out_srank_appraiser_creates_the_strongest_guild/chapter_12,The_kicked_out_srank_appraiser_creates_the_strongest_guild,2024-06-05T22:00:00.000Z,false,0,false
66612c617ec0f3f0566533e8,https://readmanganato.com/manga-ky987907/chapter-85,The_king_avatar.,2024-06-05T22:00:00.000Z,false,0,false
66612c617ec0f3f0566533de,https://readmanganato.com/manga-ky987907/chapter-85,The_king_avatar.,2024-06-05T22:00:00.000Z,false,0,false
66612c617ec0f3f0566534ae,https://readmanganato.com/manga-lw988479/chapter-37,The_king_of_bug,2024-06-05T22:00:00.000Z,false,0,false
66612c617ec0f3f0566534af,https://chapmanganato.to/manga-in985622/chapter-28.1,The_king_of_cave_will_live_a_paradise_life,2024-06-05T22:00:00.000Z,false,0,false
66612c617ec0f3f0566534b0,https://asuratoon.com/0435219386-the-knight-king-who-returned-with-a-god-chapter-42/,The_knight_king_who_returned_with_a_god,2024-06-05T22:00:00.000Z,false,0,false
66612c617ec0f3f056653556,https://readmanganato.com/manga-jl986568/chapter-59,The_lady_and_the_beast,2024-06-05T22:00:00.000Z,false,0,false
66612c617ec0f3f056653515,https://asuratoon.com/1908287720-the-last-adventurer-chapter-20/,The_last_adventurer,2024-06-05T22:00:00.000Z,false,0,false
66612c617ec0f3f056653517,https://lhtranslation.net/manga/the-maou-armys-strongest-magician-was-a-human/chapter-40-1/,The_maou_armys_strongest_magician_was_a_human,2024-06-05T22:00:00.000Z,false,0,false
66612c617ec0f3f056653557,https://www.asurascans.com/the-max-level-hero-has-returned-chapter-133/,The_max_level_hero_has_returned,2024-06-05T22:00:00.000Z,false,0,false
66612c617ec0f3f056653516,https://asuratoon.com/6849480105-the-max-level-players-100th-regression-chapter-26/#/next/,The_max_level_players_100th_regression,2024-06-05T22:00:00.000Z,false,0,false
66612c617ec0f3f056653518,https://asuratoon.com/1908287720-the-nebulas-civilization-chapter-46/,The_nebulas_civilization,2024-06-05T22:00:00.000Z,false,0,false
66612c617ec0f3f0566534b1,https://asura.nacm.xyz/8885177780-the-newbie-is-too-strong-chapter-70/,The_newbie_is_too_strong,2024-06-05T22:00:00.000Z,false,0,false
66612c617ec0f3f0566534b2,https://readmanganato.com/manga-bh979290/chapter-33,The_other_world_doesnt_stand_a_chance_against_the_power_of_instant_death,2024-06-05T22:00:00.000Z,false,0,false
66612c617ec0f3f05665357c,https://mangakakalot.com/chapter/kd919432/chapter_87,The_peerless_soldier,2024-06-05T22:00:00.000Z,false,0,false
66612c617ec0f3f056653558,https://readmanganato.com/manga-bl978868/chapter-143,The_portal_of_wonderlan,2024-06-05T22:00:00.000Z,false,0,false
66612c617ec0f3f056653519,https://asuracomics.com/4102803034-the-priest-of-corruption-chapter-23/,The_priest_of_corruption,2024-06-05T22:00:00.000Z,false,0,false
66612c617ec0f3f056653559,https://readmanganato.com/manga-ic985537/chapter-71,The_rebirth_of_an_8th_circled_wizard,2024-06-05T22:00:00.000Z,false,0,false
66612c617ec0f3f05665351b,https://asuratoon.com/3882241996-the-regressed-demon-lord-is-kind-chapter-23/,The_regressed_demon_lord_is_kind,2024-06-05T22:00:00.000Z,false,0,false
66612c617ec0f3f05665351c,https://asuratoon.com/1908287720-the-regressed-son-of-a-duke-is-an-assassin-chapter-25/,The_regressed_son_of_a_duke_is_an_assassin,2024-06-05T22:00:00.000Z,false,0,false
66612c617ec0f3f05665351a,https://asuratoon.com/5588556462-the-reincarnated-assassin-is-a-genius-swordsman-chapter-37/,The_reincarnated_assassin_is_a_genius_swordsman,2024-06-05T22:00:00.000Z,false,0,false
66612c617ec0f3f05665357d,https://readmanganato.com/manga-eq981551/chapter-86,The_reincarnation_magician_of_the_inferior_eyes,2024-06-05T22:00:00.000Z,false,0,false
66612c617ec0f3f0566534b3,https://manhuaus.com/manga/the-reincarnation-of-the-forbidden-archmage/chapter-29-5/,The_reincarnation_of_the_forbidden_archmage,2024-06-05T22:00:00.000Z,false,0,false
66612c617ec0f3f0566534b4,https://chapmanganato.com/manga-ig985463/chapter-23.2,The_reincarnation_of_the_strongest_onmyoji_these_monsters_are_too_weak_compared_to_my_youkai,2024-06-05T22:00:00.000Z,false,0,false
66612c617ec0f3f0566534b5,https://asura.gg/the-s-classes-that-i-raised-chapter-98/,The_s_classes_that_i_raised,2024-06-05T22:00:00.000Z,false,0,false
66612c617ec0f3f0566534b6,https://mangakakalot.com/chapter/jw924124/chapter_4.2,The_second_life_cheat_reincarnation_mage_if_the_strongest_reincarnated_after_1000_years_life_would_be_too_easy,2024-06-05T22:00:00.000Z,false,0,false
66612c617ec0f3f05665357e,https://mangakakalot.com/chapter/iw919318/chapter_9.2,The_sorcerer_king_of_destruction_and_the_golem_of_the_barbarian_queen,2024-06-05T22:00:00.000Z,false,0,false
66612c617ec0f3f0566534b7,https://chapmanganato.com/manga-qt994076/chapter-6.1,The_strange_dragon_and_the_former_choreman_of_the_heroes_party_relaxing_slow_life_on_the_new_continent,2024-06-05T22:00:00.000Z,false,0,false
66612c617ec0f3f0566534b8,https://readmanganato.com/manga-gc983959/chapter-38,The_strongest_cheat_player,2024-06-05T22:00:00.000Z,false,0,false
66612c617ec0f3f05665351d,https://reaperscans.fr/serie/the-strongest-unemployed-hero/chapitre-12/,The_strongest_unemployed_hero,2024-06-05T22:00:00.000Z,false,0,false
66612c617ec0f3f05665351e,https://asuratoon.com/2351697271-the-terminally-ill-young-master-of-the-baek-clan-chapter-14/,The_terminally_ill_young_master_of_the_baek_clan,2024-06-05T22:00:00.000Z,false,0,false
66612c617ec0f3f0566534b9,https://readmanganato.com/manga-jr986552/chapter-47.1,The_unfavorable_job_appraiser_is_actually_the_strongest,2024-06-05T22:00:00.000Z,false,0,false
66612c617ec0f3f0566534ba,https://readmanganato.com/manga-fk983193/chapter-12.1,The_unsuccessful_yet_academically_unparalleled_sage_a_cheating_s_rank_sorcerer_s_post_rebirth_adventurer_log,2024-06-05T22:00:00.000Z,false,0,false
66612c617ec0f3f05665351f,https://unwantedundeadadventurer.com/manga/the-unwanted-undead-adventurer-chapter-59/,The_unwanted_undead_adventurer,2024-06-05T22:00:00.000Z,false,0,false
66612c617ec0f3f056653520,https://mangasushi.org/manga/the-white-mage-who-was-banished-from-the-heros-party-is-picked-up-by-an-s-rank-adventurer-this-white-mage-is-too-out-of-the-ordinary/chapter-30-3/,The_white_mage_who_was_banished_from_the_heros_party_is_picked_up_by_an_s_rank_adventurer_this_white_mage_is_too_out_of_the_ordinary,2024-06-05T22:00:00.000Z,false,0,false
66612c617ec0f3f0566534bb,https://www.asurascans.com/the-world-after-the-end-chapter-81/,The_world_after_the_end,2024-06-05T22:00:00.000Z,false,0,false
66612c617ec0f3f0566534bc,https://readmanganato.com/manga-fa982435/chapter-20,"The_world_is_full_of_monsters_now,_therefor_i_want_to_live_as_i_wish",2024-06-05T22:00:00.000Z,false,0,false
66612c617ec0f3f05665357f,https://chapmanganato.com/manga-dy981081/chapter-15.2,The_world_s_best_assassin_reincarnated,2024-06-05T22:00:00.000Z,false,0,false
66612c617ec0f3f056653521,https://chapmanganato.to/manga-bj978844/chapter-30,The_world_s_strongest_rearguard__labyrinth_country_s_novice_seeker,2024-06-05T22:00:00.000Z,false,0,false
66612c617ec0f3f056653580,https://isekaiscan.com/manga/the-wrong-way-to-use-healing-magic/chapter-39-2/,The_wrong_way_to_use_healing_magic,2024-06-05T22:00:00.000Z,false,0,false
66612c617ec0f3f0566534bd,https://flamescans.org/1679911261-this-human-immortal-is-too-serious-chapter-33/,This_human_immortal_is_too_serious,2024-06-05T22:00:00.000Z,false,0,false
66612c617ec0f3f056653522,https://chapmanganato.to/manga-vd999038/chapter-24,To_another_world_on_my_own,2024-06-05T22:00:00.000Z,false,0,false
66612c617ec0f3f0566534be,https://asuratoon.com/0308950452-to-hell-with-being-a-saint-im-a-doctor-chapter-78/,To_hell_with_being_a_saint_i_m_a_doctor,2024-06-05T22:00:00.000Z,false,0,false
66612c617ec0f3f0566533fd,https://mangakakalot.com/chapter/toaru_ossan_no_vrmmo_katsudouki/chapter_85,Toaru_Ossan_no_VRMMO_Katsudouki,2024-06-05T22:00:00.000Z,false,0,false
66612c617ec0f3f0566534bf,https://mangakakalot.com/chapter/wo929163/chapter_110,Transcension_academy,2024-06-05T22:00:00.000Z,false,0,false
66612c617ec0f3f05665355a,https://chapmanganato.com/manga-jo987097/chapter-146,Trapped_in_a_webnovel_as_a_good_for_nothing,2024-06-05T22:00:00.000Z,false,0,false
66612c617ec0f3f0566533fe,https://asuratoon.com/4555060900-trash-of-the-counts-family-chapter-122/,Trash_of_The_Count_s_Family,2024-06-05T22:00:00.000Z,false,0,false
66612c617ec0f3f0566534c0,https://asura.gg/ultimate-devouring-system-chapter-11/,Ultimate_devouring_system,2024-06-05T22:00:00.000Z,false,0,false
66612c617ec0f3f0566534c1,https://chapmanganato.com/manga-qs994075/chapter-47,Undead_king_a_low_ranking_adventurer__with_the_power_of_monsters__becomes_unbeatable,2024-06-05T22:00:00.000Z,false,0,false
66612c617ec0f3f056653523,https://chapmanganato.com/manga-rj994618/chapter-28,Useless_wizard,2024-06-05T22:00:00.000Z,false,0,false
66612c617ec0f3f05665355b,https://readmanganato.com/manga-bf979214/chapter-810,Versatile_mage,2024-06-05T22:00:00.000Z,false,0,false
66612c617ec0f3f0566534c2,https://mangakakalot.com/chapter/vn924669/chapter_16.2,Virus_tensei_kara_isekai_kansen_monogatari,2024-06-05T22:00:00.000Z,false,0,false
66612c617ec0f3f0566534c3,https://www.asurascans.com/warrior-high-school-dungeon-raid-department-chapter-45-s1-end/,Warrior_high_school_dungeon_raid_department,2024-06-05T22:00:00.000Z,false,0,false
66612c617ec0f3f056653524,https://asuratoon.com/9331846205-weapon-maker-chapter-28/,Weapon_maker,2024-06-05T22:00:00.000Z,false,0,false
66612c617ec0f3f05665352d,https://isekaiscan.com/manga/manuke-na-fps-player-ga-isekai-e-ochita-baai/chapter-22-3/,When_a_stupid_fps_player_falls_to_another_world,2024-06-05T22:00:00.000Z,false,0,false
66612c617ec0f3f056653581,https://mangakakalot.com/chapter/world_teacher_isekaishiki_kyouiku_agent/chapter_32,World_teacher,2024-06-05T22:00:00.000Z,false,0,false
66612c617ec0f3f0566534c4,https://www.asurascans.com/4675140488-worthless-regression-chapter-62-s1-end/,Worthless_regression,2024-06-05T22:00:00.000Z,false,0,false
66612c617ec0f3f056653525,https://mangabtt.com/manga/yajin-tensei-karate-survivor-in-another-world/chapter-43-eng-li/425222,Yajin_tensei_karate_survivor_in_another_world,2024-06-05T22:00:00.000Z,false,0,false
66612c617ec0f3f0566534c5,https://asuratoon.com/4555060900-youngest-scion-of-the-mages-chapter-61/,Youngest_scion_of_the_mages,2024-06-05T22:00:00.000Z,false,0,false
66612c617ec0f3f0566534c6,https://dragontea.ink/novel/your-abilities-are-mine/chapter-45/,Your_abilities_are_mine,2024-06-05T22:00:00.000Z,false,0,false
66612c617ec0f3f0566534c7,https://chapmanganato.to/manga-nk990667/chapter-13,Yuiitsu_muni_no_saikyou_tamer,2024-06-05T22:00:00.000Z,false,0,false
66612c617ec0f3f056653526,https://dark-scan.com/manga/yuusha-densetsu-no-uragawa-de-ore-wa-eiyuu-densetsu-o-tsukurimasu-oudou-goroshi-no-eiyuutan/chapter-18-3/?style=list,Yuusha_densetsu_no_uragawa_de_ore_wa_eiyuu_densetsu_o_tsukurimasu_oudou_goroshi_no_eiyuutan,2024-06-05T22:00:00.000Z,false,0,false
66612c617ec0f3f056653527,https://www.mangaread.org/manga/yuusha-to-yobareta-nochi-ni-soshite-musou-otoko-wa-kazoku-wo-tsukuru/chapter-21/,Yuusha_to_yobareta_nochi_ni_soshite_musou_otoko_wa_kazoku_wo_tsukuru,2024-06-05T22:00:00.000Z,false,0,false
66612c617ec0f3f056653528,https://dark-scan.com/manga/zatsuyou-fuyojutsushi-ga-jibun-no-saikyou-ni-kizuku-made/chapter-24-3/?style=list,Zatsuyou_fuyojutsushi_ga_jibun_no_saikyou_ni_kizuku_made,2024-06-05T22:00:00.000Z,false,0,false
66612c617ec0f3f0566534c8,https://www.asurascans.com/4675140488-the-return-of-the-prodigious-swordmaster-chapter-20/,the_return_of_the_prodigious_swordmaster,2024-06-05T22:00:00.000Z,false,0,false
